bids_name	cjv	cnr	efc	fber	fwhm_avg	fwhm_x	fwhm_y	fwhm_z	icvs_csf	icvs_gm	icvs_wm	inu_med	inu_range	qi_1	qi_2	rpve_csf	rpve_gm	rpve_wm	size_x	size_y	size_z	snr_csf	snr_gm	snr_total	snr_wm	snrd_csf	snrd_gm	snrd_total	snrd_wm	spacing_x	spacing_y	spacing_z	summary_bg_k	summary_bg_mad	summary_bg_mean	summary_bg_median	summary_bg_n	summary_bg_p05	summary_bg_p95	summary_bg_stdv	summary_csf_k	summary_csf_mad	summary_csf_mean	summary_csf_median	summary_csf_n	summary_csf_p05	summary_csf_p95	summary_csf_stdv	summary_gm_k	summary_gm_mad	summary_gm_mean	summary_gm_median	summary_gm_n	summary_gm_p05	summary_gm_p95	summary_gm_stdv	summary_wm_k	summary_wm_mad	summary_wm_mean	summary_wm_median	summary_wm_n	summary_wm_p05	summary_wm_p95	summary_wm_stdv	tpm_overlap_csf	tpm_overlap_gm	tpm_overlap_wm	wm2max
sub-01_run-01_T1w	0.4239048313456892	3.124348520491233	0.5663462038600541	10923.878773630402	3.9105366666666668	3.95844	3.98764	3.78553	0.20814367351979837	0.4145812895017596	0.377275036978442	0.33871233463287354	0.11267972290515899	0.0	0.0021230767652739824	23.588290498378253	12.05062312390241	15.125774887565333	176	256	256	3.199193211738877	15.215381588044881	15.971583101279236	29.500174504053945	51.12777368356847	123.58042360654095	109.53532437270826	153.89777582801537	1.0	1.0	1.0	6.016752430989984	4.257047510982454	4.5901282444453395	2.8713349122554064	2780756.0	0.0	17.60526515543461	6.428551156376201	2.232737906455516	70.02377055473693	342.52705340633975	332.22602453734726	48154.0	170.79098272426054	534.7463059744797	103.84573638134182	0.09990628008289981	52.001233646928	802.8976189242667	803.0201569022611	23972.0	716.1056874542497	889.6736911702901	52.775765297353665	0.6478590137852915	31.5083662491694	1001.0743406591496	1000.0209781266749	223212.0	947.5195623952895	1058.6632780134678	33.8987397487026	0.15358790789616925	0.46036170267022475	0.511432659039318	0.9046508541417818
sub-02_run-01_T1w	0.3620155225369031	3.5903022849911057	0.546470559239588	19676.43801652893	3.9692366666666667	4.09211	4.08828	3.72732	0.1726690722599905	0.4547951878869949	0.37253573985301464	0.312771737575531	0.10845402479171751	0.00020598138781992756	0.001135175762776538	30.35188429113502	12.739426582197822	17.279904634515248	176	256	256	1.9631165028076345	15.227835044137485	16.041119395912926	30.932406640793655	52.36676215733038	132.3858917650813	118.09652236392083	169.53691316935078	1.0	1.0	1.0	107.80490713588138	3.8643531093849517	4.122265608064106	2.6064665634185076	2732930.0	0.0	15.724963564425707	7.114355234082914	2.3046168422789	150.83751847624072	301.6613404097609	308.8878288110718	22612.0	64.58005584403872	557.9314007365147	157.34216391075879	0.303555739113039	48.79943430694385	779.7011542385212	780.8844577725977	41660.0	693.190859593451	862.8265966754407	51.27945524363626	0.48958185051484815	30.531583244396806	1000.2067427790038	1000.0215185135603	204239.0	947.6552357394248	1053.8741334602237	32.32917121381684	0.13003832947714042	0.461006812275417	0.498416823403565	0.90924047162051
sub-03_run-01_T1w	0.39764952134234466	3.1854890573478114	0.5360932926729762	25928.951226947112	3.8991299999999995	3.91403	4.13182	3.65154	0.2126828704635016	0.40738603612819624	0.37993109340830217	0.33103911578655243	0.11346786618232724	0.0	0.002001844055491619	23.412594441970032	12.479841998631795	15.630207907014816	176	256	256	2.5009913685506144	14.362624974748865	16.29636067790034	32.02546569040153	56.6475331138754	136.6884944538344	121.62479457839015	171.53835616746065	1.0	1.0	1.0	7.9811189654467665	0.0	2.710998755849578	0.0	2824746.0	0.0	9.901413291692734	3.8191830453980447	1.0396787683575281	98.57381508614988	334.1337878167083	330.23244935274124	42449.0	83.0093430519104	558.4054931044578	132.03906407956225	0.39978533427801244	51.173411884543555	796.9338494342724	796.8392238914967	23619.0	705.1324622958898	890.6823811411857	55.478880532462505	0.43279843017512976	29.613362267759406	1000.6168268638671	999.9999717772007	236185.0	950.3645932674408	1052.9928489625454	31.22508395218014	0.15461437367110958	0.45192897183143577	0.5115910465897254	0.9132651068317644
sub-04_run-01_T1w	0.37619661484525596	3.461333452251426	0.5226285279785624	26113.458193440085	3.8763400000000003	3.98175	3.98903	3.65824	0.21209957341617294	0.4289047206450537	0.3589957059387734	0.33243703842163086	0.10639145970344543	0.0	0.0024723969260213485	28.349005626014574	14.466773429902075	19.60372249960259	176	256	256	2.435904623395256	15.116604136924607	16.914716088237284	33.19163950439199	54.56481015047574	133.83423578530807	119.2235671500033	169.27165551422613	1.0	1.0	1.0	6.1152279657790025	0.0	2.636566621113608	0.0	2622973.0	0.0	11.001660538837314	3.8703254404825786	0.12783948614145446	103.12635365927181	323.17952819025396	322.3505408652127	38277.0	77.80042207464577	550.4340233158318	132.33126083079267	0.18131636179202415	50.13630649957002	791.5679809949112	790.6476385183632	29078.0	706.5594749487936	880.6423539724201	52.30235811897953	0.463928323930904	28.621340150145162	1000.437906536076	999.9999918937683	179276.0	951.8229089509696	1050.8755953460932	30.127984571591934	0.1451301164713271	0.4650931303049281	0.5115520423031304	0.9253658366220794
sub-05_run-01_T1w	0.358380242436026	3.4851288898655737	0.5536626520072457	23500.537587528073	3.81438	3.8508	3.9483	3.64404	0.20993580401765943	0.42363095967953984	0.3664332363028007	0.3339338004589081	0.11960816681385039	0.0	0.002241702602218977	23.44226602255219	12.05741266365136	16.11265949546549	176	256	256	2.9700612669682513	15.943895069348123	17.044378588434935	32.21917942898843	48.59245173116661	118.31244666884601	105.25571872113045	148.86225776337872	1.0	1.0	1.0	11.92705681656372	0.0	3.0807965005128537	0.0	2625679.0	0.0	12.019858665764332	4.400956946529426	1.473380375107073	69.97145669417908	327.7268145581457	326.42559319734573	41999.0	114.02584653012455	516.6348315585404	109.90403150704077	0.7137274440934687	44.492071909884736	795.0376487070101	794.7779791019857	24736.0	712.2017510691658	878.2386114513502	49.8474124594154	0.5914819918643004	29.05543878910758	999.7342038607255	999.9999807365239	218022.0	948.5035293959081	1050.2703260928392	31.037341891074714	0.1570187694175173	0.45254862442001725	0.5016203934528403	0.9197138314785374
sub-06_run-01_T1w	0.37354600207656635	3.5017680101645765	0.563719005241527	23757.726671006945	3.88315	4.0451	3.84209	3.76226	0.2168938921247666	0.4316897958526704	0.351416312022563	0.3654926121234894	0.1276894003152847	0.0	0.002120409232541123	24.24814357221134	12.669391260239474	17.60700821296561	176	256	256	2.7182026402945803	15.923903170091782	16.108528185049057	29.68347874476081	52.3826492682623	125.24220699603353	112.11498162276935	158.72008860401226	1.0	1.0	1.0	6.662868015799557	4.127621133083792	4.2040585321091175	2.784038146957755	2777276.0	0.0	17.045131511986256	6.144403919650352	0.8044329622554365	88.6174986123296	333.11473697434155	330.03162414208055	40176.0	111.64087664475664	545.8608671538532	121.41387544148493	0.4509053087594004	46.526994677005746	789.8638376393184	789.0759547948837	27529.0	709.5509467739612	872.3357405204325	49.55202342756351	0.36571325210901406	32.26283457083863	1000.3442928104809	999.999987738207	199335.0	945.5692011099309	1056.4572511129081	33.688688849226	0.15498096907967288	0.46774056611266657	0.5055231016816046	0.9162386339973624
sub-07_run-01_T1w	0.3399984317781044	3.84826161131357	0.5536703219841652	33585.38504155125	3.78257	3.83144	3.92797	3.5883	0.19108370594311516	0.4474534145767678	0.36146287948011707	0.3528009355068207	0.12810556888580316	0.0	0.0024971512390556372	26.57611622765343	12.104436612088032	16.742601523157813	176	256	256	2.7712416039860748	15.49178749861884	16.95145667093847	32.59134091021049	53.4988580724224	129.88757695828713	117.07417201075282	167.83608100154896	1.0	1.0	1.0	4.777257153986521	0.0	2.6706921219077318	0.0	2613578.0	0.0	10.964628476649523	3.9033458227023976	0.9541103325495293	87.28516067778109	333.3422699392857	318.74972017481923	37976.0	146.4284127112478	549.6316219680011	115.01903080658423	0.2681083214073605	47.36329794553581	775.5150880538303	773.8787387497723	47312.0	695.7261412777007	861.8639583596959	49.95360027460187	0.36787283336786025	29.510240931675717	999.2946562948322	999.9784253723919	219680.0	947.7187226526439	1048.2744902931154	30.682264719821706	0.151681505694172	0.4665723209987024	0.516712113229746	0.9186819711062735
sub-08_run-01_T1w	0.37504126583432784	3.4104585546595367	0.5146745454129896	21125.56689866109	4.062729999999999	4.09671	4.19584	3.89564	0.19201819811745552	0.44068830492525574	0.36729349695728875	0.32517296075820923	0.09758265018463136	2.106706838614654e-05	0.0016429758097782298	28.959630975254438	13.34680929779497	18.14692091674397	176	256	256	1.89104008900328	14.066645681991506	16.697499042351453	34.134811356059565	53.55757464148835	143.83802541091484	126.90724040596838	183.32612116550195	1.0	1.0	1.0	8.878274010514621	3.5736119446402483	3.12398924695546	2.4103646278381348	3054654.0	0.0	11.995330218225718	4.436733499151204	-0.6398752237891028	164.0790421769589	279.10402143542007	292.1437252834439	33233.0	41.541127882897854	537.2213150136171	154.48605852579615	0.14199129047689407	53.75773280784998	785.3275588740356	784.6019328217953	33378.0	693.5070977658033	879.3311457931995	55.77663624943777	0.7033395958473698	27.025440331341876	1001.0270535509873	1000.0000249743462	195020.0	954.1833245230839	1050.3163865804672	29.295532080152277	0.12006472054327305	0.45435051641014257	0.5003152822140604	0.9246923137432524
sub-09_run-01_T1w	0.3631321452718934	3.623849123497485	0.5744213220679624	18835.855449122548	3.8702799999999997	3.93242	3.97091	3.70751	0.2148022016748327	0.42078401931258935	0.36441377901257793	0.3479541540145874	0.1365703016519546	0.0	0.001956765611338405	23.50638985497736	12.330475006874273	16.199631887270424	176	256	256	3.3722696518803303	17.24217660069533	17.221266181280463	31.049352291265727	40.05575863788991	92.98848829335151	83.32943547252383	116.94405948633008	1.0	1.0	1.0	7.3388474105829715	0.0	3.7159930734598774	0.0	2715443.0	0.0	15.067375913262367	5.6021348844279455	2.4021337085806787	69.33415045962899	355.496114958373	342.5206762859598	46934.0	213.68684553895147	546.2059685608372	101.56869487423269	0.5304833939193263	43.69908258157226	795.1456587027675	795.1535804122686	27305.0	719.6225336305797	870.1603757124394	46.11593061059771	0.5150628703209859	30.68723454015549	1000.264456051004	999.9999926351011	229449.0	948.0602625217289	1053.4542270284146	32.20672058207655	0.15672364943267883	0.4577439794677391	0.513772287085251	0.9072711124248679
sub-10_run-01_T1w	0.3557067487497055	3.623532401600611	0.5779715032123405	22045.57634768337	3.845833333333333	3.82097	4.09857	3.61796	0.24880182782820923	0.41286037210031007	0.33833780007148073	0.36634621024131775	0.12797154486179352	0.0	0.002487996807523978	19.07626930923929	11.383475701945466	15.604781818949858	176	256	256	4.599790711704764	16.81275703198639	17.007128231592663	29.608836951086836	51.2814133627475	129.08863661722012	114.60182209403803	163.43541630214645	1.0	1.0	1.0	6.103322114472547	0.0	2.761265608004043	0.0	2418256.0	0.0	10.914251191541553	4.008366576210705	6.694424209445463	34.683467851865494	320.59998111409254	313.7586360704154	116588.0	246.8196344747208	436.52100657122196	68.21121006265672	0.647288245546211	42.63498545929585	789.1315263568415	789.8119786735624	38093.0	710.4488863572478	866.8169249389321	46.97632935583657	0.6206984204160326	32.115468001994984	1000.549618868963	999.958268346265	216487.0	946.7017309833318	1056.7207219619304	33.77221335928804	0.14814514690833883	0.4327762671801758	0.43524497826215175	0.8995119204054816
sub-11_run-01_T1w	0.40836293619452235	3.2381795904019737	0.5396087692768039	28444.189948867785	3.943713333333333	3.97287	4.10645	3.75182	0.2155432217684888	0.3976411065480668	0.38681567168344444	0.32716523110866547	0.10276720970869063	0.0	0.0019734992424223136	24.33968648178219	13.116295563689285	15.770023300591392	176	256	256	2.4806838291543065	13.985617106606378	15.889863190944409	31.20328863707254	49.33197672711995	121.35486210624302	108.14077229815359	153.7354780610978	1.0	1.0	1.0	6.210105374628451	0.0	2.891259116201689	0.0	2531142.0	0.0	11.840708965435624	4.261452384280111	0.2629206232936623	93.7445704339746	324.28220974575504	320.8887032456696	45395.0	74.00351598691196	548.7171204183251	129.35351335352993	0.07212123420344829	55.622682891359744	790.3924079870806	789.3744973819703	24103.0	699.3539976445958	886.457330333814	56.44070734736315	0.4456896368225829	30.38897796991362	1000.5755504320399	1000.0000298134983	239088.0	948.9770057089627	1054.2074176892638	32.04783797509588	0.13898906547751838	0.43975611490556055	0.4996744310256811	0.9201313462995706
sub-12_run-01_T1w	0.3691811074587293	3.4940882792795116	0.5312220913944746	23241.23946951596	3.8494433333333333	3.90489	3.9719	3.67154	0.19433166756621983	0.4273049179218973	0.3783634145118829	0.35621216893196106	0.12234457135200505	0.0	0.0018636969758327744	26.34496367242897	12.603426367846422	16.44198404270585	176	256	256	2.5357720208606156	16.069650669741602	16.94903870655799	32.24169342907176	51.557500799070404	123.62497611652445	110.21769124460924	155.47059681823288	1.0	1.0	1.0	7.215194026559795	4.213973917775661	3.7066933545759273	2.8422822151333094	2789767.0	0.0	14.05672905035317	5.123734860678069	0.40833910269075835	101.20704024970729	330.2316512778932	331.628594645299	33716.0	93.4569461690262	555.0667802104726	130.77819059051907	0.493787327318548	46.03838171393001	794.4073531978003	795.1816216297448	26875.0	712.459608017467	875.9701099256054	49.48252104276935	0.40110655708677045	29.583816892139335	1000.6534091583454	1000.0192936509848	219685.0	950.6950628291816	1052.5531764980406	31.016268417114656	0.14416196807505016	0.46210589135983	0.5176451465010259	0.9172001631523878
sub-13_run-01_T1w	0.3643111892452357	3.462404608390016	0.5293383754192197	27487.745175510205	3.6233799999999996	3.68361	3.7715	3.41503	0.2016770603302386	0.4413909374735539	0.35693200219620747	0.3602844476699829	0.12044807374477384	0.0	0.0033571607376780676	28.805752504665247	13.973791651656509	19.5826676593434	176	256	256	3.015580039646329	15.666287875657643	16.40137389984906	30.522253784243205	59.91373706628116	137.48761517888062	123.72663782216823	173.77856122134287	1.0	1.0	1.0	6.995893554919254	0.0	2.4838011661777686	0.0	2667635.0	0.0	9.746551539748907	3.7700210798383877	1.5678427842855447	84.71569931549676	356.78750297990814	344.7771360464394	24912.0	168.87467970494183	567.0944567380473	114.3296518558526	0.5575868489264724	45.632396638771326	791.4147054888911	791.1805960424244	24547.0	708.445102884248	875.9565953124315	50.50108146426459	0.7512445436343733	30.4497659052542	1001.6451122266521	1000.018986929208	171368.0	950.5642624497414	1057.7763293869793	32.76350679215618	0.15349144037820736	0.46949788026340206	0.507432517277028	0.9115864218912366
sub-14_run-01_T1w	0.3727854797831115	3.439151494218192	0.5240721078303042	25442.00277744234	3.8742566666666662	3.94987	3.98821	3.68469	0.19436253538770254	0.4552828944462063	0.3503545701660912	0.3686608076095581	0.13502761721611023	0.0015053402546066849	0.0008901955925515547	30.94679732004143	14.216676386728874	20.47821894447371	176	256	256	2.4568771063629504	15.751440706839947	16.83973637347141	32.310891307211335	63.352228062092465	150.4719548688794	134.42774625269303	189.45905582710722	1.0	1.0	1.0	140.57923126485076	3.457931224183722	4.001832176917911	2.3323391675949097	2783048.0	0.0	15.160204589366913	8.947624753913608	0.2717600774624507	104.8433409693081	327.757157380234	334.3847900032997	25169.0	67.37019038200378	553.0434987187385	136.09884934040466	0.2688116126893907	48.11342830370384	793.7319202715486	794.2188391685486	31740.0	710.3301433950662	877.209010836482	50.42118638717632	0.6842310683227604	28.598791845912913	1000.436949964456	999.9999768733978	157978.0	950.5811510682106	1052.1143749952316	30.949217784271376	0.1406502276565442	0.47364579165009146	0.5047864742262527	0.921258815950446
sub-15_run-01_T1w	0.35105422620959686	3.6651176375515107	0.5250565700732059	24328.744726879395	3.8259899999999996	3.95387	3.8942	3.6299	0.20203457497726865	0.45618963366036436	0.34177579136236697	0.3714362382888794	0.12557852417230603	0.0	0.002852987631833129	26.926532471680037	12.748426512220465	18.81500313481682	176	256	256	2.7167778775735494	15.705520596479339	16.592085881726028	31.353959171125194	58.725885443741376	142.52876604548567	127.78162039726084	182.09020970255546	1.0	1.0	1.0	6.485429239543361	0.0	2.4944510637556645	0.0	2670387.0	0.0	9.579094303771853	3.5978672811810006	1.0201405500411171	84.02588566528169	333.90402572746916	322.5098495464772	36525.0	114.78503581136465	552.8757859636097	118.70879738062067	0.3839329754988321	46.255292108900996	782.7625412580433	782.7371276915073	34110.0	699.795914046932	866.437284567859	49.83761277315553	0.6810317314215633	30.015761546012676	1000.3254390191873	1000.0000117719173	175327.0	948.7262172726914	1052.8183583077043	31.893808194874026	0.15813973299332856	0.4723822191981052	0.49799778785091314	0.9136945480443054
sub-16_run-01_T1w	0.3660654175230064	3.475962039977826	0.5099113887780785	27532.743762424438	3.86248	3.93547	4.01534	3.63663	0.21299712275864272	0.43588277078795334	0.35112010645340397	0.34973740577697754	0.10548742860555649	0.0	0.002662322641851141	28.095372727339544	14.384824706372134	20.331232537690223	176	256	256	2.034148401449771	16.536313678218594	16.409638039450755	30.6584520386839	45.572656027917965	124.9801866519019	109.11126052900302	156.78093890718918	1.0	1.0	1.0	7.187711506776779	0.0	2.7274645175644485	0.0	3025570.0	0.0	11.607980903238058	4.178844342443904	0.19118272867988217	133.89938619739365	275.65304377786185	290.6891386471689	38205.0	51.55249163880944	517.79755096212	142.90271746220185	0.6630977674964811	43.28213725964995	796.3637852542075	797.1969591490924	25357.0	715.2841912709176	874.5970989502966	48.20791713566274	0.2980992118678225	30.971983615570615	1001.4684858868708	1000.0408152490854	166471.0	949.681762771681	1057.7747097238898	32.61866614576718	0.14624110122816672	0.46441347703881336	0.5132155064294315	0.9202004843160444
sub-17_run-01_T1w	0.38280681226191215	3.346465606402254	0.5294694874891318	22766.498775510205	3.9129133333333335	4.14777	3.88478	3.70619	0.23202338279114723	0.4266657283186683	0.34131088889018446	0.3746488690376282	0.11342971920967099	0.0	0.0029185367902529414	23.845929186419735	13.115723936335494	18.795442811413622	176	256	256	2.5636387768763345	13.7105945195527	16.45241951397832	33.08302524550593	56.90846564829702	141.69473036930162	126.49499084490184	180.88177651710686	1.0	1.0	1.0	5.063464827283211	0.0	2.5094070315917745	0.0	2671029.0	0.0	9.28118884563446	3.621903686850165	0.34401566163917074	98.89153091898379	326.947852781383	314.6168974041939	51323.0	102.05456614494324	545.3353136479853	122.72159212122357	0.2274781967652233	54.04205197160402	783.0765103972913	783.35544526577	21954.0	686.8657413125038	877.3948768526315	57.1337445002163	0.4424545169317602	28.89094379041905	1000.5462209504988	999.9999591708183	180760.0	951.5336680412292	1050.56510835886	30.22689689493415	0.1347167710721694	0.45609145913982346	0.4778689362843555	0.924041849044518
sub-18_run-01_T1w	0.3942505704092534	3.212563791948863	0.526483322996039	27585.61304718244	3.8077966666666665	3.84596	3.96818	3.60925	0.1971375452035761	0.4242324515245922	0.3786300032718317	0.3093967139720917	0.0896065846085548	0.0	0.002491835490521315	29.471526002800005	14.401156060607974	18.563568704637717	176	256	256	2.51924530696731	14.868765277851878	16.722726336887817	32.78016842584426	46.07741800446753	119.61053339617365	105.02487589835658	149.38667629442858	1.0	1.0	1.0	6.35945992806348	0.0	2.9321558265893115	0.0	2677603.0	0.0	12.048895759508014	4.385507364459393	1.3928087983831219	85.4803512222804	306.23063367455524	308.44394540414214	30963.0	81.87409587018192	521.785314230248	122.43308091660177	0.2743416134492569	50.44552800018438	800.7147575609843	800.6773476116359	30819.0	711.5661282464862	891.579356007278	53.84874551105656	0.6597537914973826	28.137522768981565	1001.3181735217928	999.9999527446926	203372.0	953.4589030500501	1053.957204837352	30.506173159394475	0.13636167923450332	0.45926826670697324	0.5064100791757714	0.918639582290251
sub-19_run-01_T1w	0.40207109669232544	3.244686903052104	0.5742409105656776	17021.393685632975	3.9009066666666663	4.03519	3.88558	3.78195	0.18379534825404442	0.42812282656109324	0.38808182518486234	0.3511236310005188	0.13195055127143862	0.0	0.0020193738554330244	28.274675963480092	12.964949413225275	16.33472892218915	176	256	256	2.4763935322248543	14.508089954481846	15.406578756452168	29.235252782649802	53.21349617206079	127.15415615568958	113.7450799352611	160.8675874780329	1.0	1.0	1.0	6.005916795363378	4.072600170075485	4.076370951963851	2.746927071362734	2685670.0	0.0	15.888700470328331	5.799335603217729	0.6660166811999364	91.61885418579887	329.62237485853797	330.7972104139626	26573.0	72.16710992231965	559.760498534888	133.57771361469588	0.22901792401021126	52.006225193409975	791.7546925475502	790.4430863335729	29584.0	704.2834461027757	885.653752454184	54.48199793358006	0.5788787141373133	32.25850926081373	1000.575952902658	1000.0197884328663	224863.0	945.6760851699859	1057.8238293230534	34.20588055950516	0.14334593692226108	0.45433577965982125	0.5086418873969553	0.905144349443709
sub-20_run-01_T1w	0.36560970708348145	3.4432500841784712	0.563337400228529	27313.759726562497	3.8334766666666664	3.81395	4.0735	3.61298	0.22208337797448283	0.4159773621588101	0.3619392598667071	0.3338380455970764	0.12069258093833923	0.0	0.0021271366926783226	21.688811890561393	11.842225577240628	15.789016449009173	176	256	256	3.1571470981077456	15.24793595182636	17.7156978589603	34.74201052694681	56.17001830136005	135.12592151439745	120.45115491713291	170.05752493564128	1.0	1.0	1.0	6.455561124291616	0.0	2.597167238575419	0.0	2714368.0	0.0	10.229443598538637	3.8524399541270213	2.112850172282182	66.75562476909782	344.5995803862694	330.30010655522346	52470.0	176.05735157243907	543.0961556139401	104.61880576432821	0.4621709340747624	48.026286615359155	795.4816618354291	794.5894914101809	33460.0	711.3561240739189	884.150529631041	52.11050335662412	0.5866072908821711	27.073791249875896	1000.1436444805881	1000.0000054370612	244859.0	953.246518339403	1047.552539434284	28.783537517721584	0.14678709891646038	0.4435531254049399	0.500080837752443	0.917511377368157
sub-21_run-01_T1w	0.3826357385267481	3.4081826867917973	0.523277053980043	33314.838788927336	4.030156666666667	4.02277	4.24337	3.82433	0.1898804382450093	0.4343316378713797	0.37578792388361104	0.31812775135040283	0.09300980269908904	0.0	0.003032416955789214	26.75404135755075	12.38788172142426	16.415557363803586	176	256	256	2.146813709897359	13.97239478870511	16.950096595334298	34.73108128740042	54.94446899197844	140.04424622536746	124.49550130363245	178.49778869355146	1.0	1.0	1.0	5.475673284370735	0.0	2.5216678221786877	0.0	2596124.0	0.0	10.328898264095187	3.6702772308020473	-0.3130030726743165	118.64652458049669	298.5695960373143	307.8159502353519	31717.0	48.64744785279036	539.028060715273	143.38044155352276	0.024012454633176805	55.20035719919206	785.8957076526603	784.5712865684181	45764.0	694.4012981448323	881.2185474186203	56.15091231385277	0.5054789738148644	27.23034990372055	1000.5579392281353	999.9999535828829	229912.0	954.0280414521694	1048.3924125339836	28.79258985807256	0.13644017390919022	0.4539868396121314	0.5024552474769421	0.9264426451204273
sub-23_run-01_T1w	0.40923319390048796	3.231399823674491	0.5314876437117637	11228.429846938776	4.149943333333334	4.18663	4.3625	3.9007	0.21449785145093214	0.40355463769027083	0.381947510858797	0.31702160835266113	0.08570776879787445	5.716239936214647e-05	0.001120497051069282	27.413656345565748	14.50192126256577	17.749643504662696	176	256	256	2.602947133300283	13.358175753511322	15.842537746944393	31.56649035402157	54.176737066984884	132.35025266642697	118.50830086230594	168.99791285350602	1.0	1.0	1.0	90.3650411598932	3.876631143076932	4.601748583887886	2.6147479712963104	2823039.0	0.0	17.174567610025406	7.932838912505453	0.2633774837313938	95.77231183687903	316.9062785962881	320.57938796281815	50817.0	78.80361295938494	521.9902262985706	123.15894917445422	-0.05444478152401322	58.6654216508081	784.1945514649816	783.1546396762133	30038.0	689.5005750194192	883.5778917968273	58.62638865916104	0.3899340143113377	30.07875314970123	1000.3139958303415	1000.0094210654497	206774.0	948.6456128954887	1053.1292488262052	31.67938506072648	0.1341052294894329	0.4336530499872067	0.494222133288255	0.9237753488452917
sub-24_run-01_T1w	0.36695438434301425	3.4863160843371	0.5274400661316351	29081.757273514246	3.7797366666666665	3.93918	3.85723	3.5428	0.20989596907016914	0.43800193472717075	0.3521020962026601	0.36021319031715393	0.10371727794408803	0.0	0.002406845823824677	27.088959003946332	13.517243096005178	18.887589627357737	176	256	256	2.270880845732511	15.59728344108582	16.24917604671329	30.879363853321536	49.67780598580608	126.37679341660605	112.01250934039818	159.98292861878238	1.0	1.0	1.0	7.575983164596616	0.0	2.650215356992674	0.0	2709150.0	0.0	11.516162566840649	4.095039506179792	0.4680078372335532	107.62437094914462	313.3269426544921	310.5194247979671	40304.0	71.40020791441202	548.0700609181076	136.73794164129353	0.4836991517723921	46.32028109641112	791.3275068629453	789.9392580008134	28698.0	709.9882993805222	879.0832912218757	50.645068924826454	0.3231532933079513	30.762436444709007	1000.73353796903	1000.0000198557973	180718.0	948.3758428320289	1055.1981783658266	32.38399786538339	0.14044323759753694	0.4649133259812573	0.49769681110258196	0.9178786221979224
sub-25_run-01_T1w	0.35668315966824576	3.578458067803253	0.5578011189700356	27211.725756374686	3.8678633333333337	3.93798	3.98182	3.68379	0.2122890539981414	0.41710148087811766	0.37060946512374093	0.3563837856054306	0.1308129101991653	0.0	0.0025864125051450306	23.006512178959415	11.997481567882186	15.652074142106615	176	256	256	2.8381624124310956	15.800774112891368	16.575588575920587	31.087829202439302	55.84513648776801	132.86444231688284	119.1552740118869	168.75624323100985	1.0	1.0	1.0	5.4438811211403735	0.0	2.7716824480746345	0.0	2509858.0	0.0	10.208170749247074	3.8821461481765827	1.0897546564919303	82.70902212035811	341.54050038099984	330.9218988753855	40724.0	129.44023783830926	552.9285214096308	116.59580664492597	0.5915409006076557	45.59158950906697	787.0779789544963	787.3157146666199	24709.0	705.8232970200479	869.5547629836946	49.82665894217863	0.5180722896416508	30.26931319943541	1000.6881547407039	999.9999994505197	223443.0	948.9802369661629	1054.6896415017545	32.16685717195065	0.15028257571727602	0.44518859191159255	0.49407543817464106	0.9125781926667308
sub-26_run-01_T1w	0.39264324235346915	3.2466507274025513	0.551162497476447	28706.603704705245	3.9040033333333333	3.86752	4.12089	3.7236	0.19813919311885236	0.42890407574821937	0.37295673113292827	0.3315659761428833	0.11180137097835541	0.0	0.001568580766544183	26.212869373480363	12.970028088704288	17.18067090880208	176	256	256	2.585696445937294	14.205084104213016	15.796660960569023	30.59920233155676	41.230467906301975	101.40129121114005	90.33278181618635	128.36658633111705	1.0	1.0	1.0	38.19507433848712	0.0	3.094555611172781	0.0	2915415.0	0.0	12.678412176668644	5.1037359708743475	0.56768754803204	79.62796021464855	310.4098130955532	321.19940542057157	37926.0	79.0115924491547	517.5786762367934	124.2199838821467	0.3724314035053409	51.374737546163544	789.6323579459045	789.9506384432316	27171.0	697.0015430375934	883.901172847487	55.609392796563455	0.45875858791622726	31.107374754382977	1000.6810113335521	1000.0194831434637	209597.0	948.3141181468964	1055.4972591251135	32.681149225007815	0.15908454746121808	0.4644850856336412	0.5191619425131162	0.9154947128564817
sub-27_run-01_T1w	0.36337872347524613	3.5384276046472887	0.5410031665101459	22759.12329179057	3.8329533333333337	3.99595	3.80456	3.69835	0.2205692603969307	0.42832890071313445	0.3511018388899349	0.3650335371494293	0.1183936655521392	0.0	0.0022001659250370158	25.685596787091022	13.654911959454523	18.94405147350337	176	256	256	2.8829438878925644	16.435373562751195	17.006117809630574	31.700035978247964	55.01950560169462	137.74846103287769	122.01120214317046	173.2656397949391	1.0	1.0	1.0	6.053042469666266	3.7811840602884654	3.269900053563376	2.550369892269373	2619271.0	0.0	12.928413530811667	4.603286643797363	2.473883655295598	73.1804545821983	327.2494874372815	317.55047893244773	43270.0	130.7035142443143	531.8806219442747	110.14671871966502	0.575054398238434	44.61797191140389	795.9270635970915	795.0287683401257	23291.0	718.4490077672526	878.1904450580478	48.37198849334482	0.3367964849966678	29.871354076278877	1000.8583862700667	1000.0196529887617	189723.0	950.032403100282	1054.2836770042777	31.546242351225597	0.13954859744102663	0.462052115583312	0.4980840331756217	0.9135644034990464
sub-29_run-01_T1w	0.34791808673777425	3.7016799383474996	0.5632482839992776	22375.173611111113	3.7558900000000004	3.8292	3.90611	3.53236	0.23528810632385347	0.4409505193215688	0.3237613743545777	0.39649002254009247	0.12423477917909614	3.423116796745105e-05	0.0013388328340603222	20.463782070749474	11.153059934187375	16.635823046074428	176	256	256	3.2601527408785094	16.014932849377118	16.36497172347114	29.819829580157798	38.596015717002246	94.21862621078654	84.52760671301796	120.7681782112651	1.0	1.0	1.0	11.602051880279875	0.0	3.522834238122384	0.0	2634743.0	0.0	14.015506107360125	5.42474342592263	8.198682956692886	52.67488344632608	326.1163492715949	319.58761950582266	91779.0	155.44857685640454	496.4236882807685	98.02788514239013	0.5276139104478679	44.52732953196629	779.0644528996096	780.1610063742846	38067.0	696.0956599397584	857.9215050766244	48.71395755670479	0.4364875970830764	31.958622330744596	999.622916483978	999.9999707117677	195016.0	944.2787488624454	1054.230181273073	33.53464526443048	0.14633437868265617	0.44869945499130914	0.45159321262085095	0.8860955400788932
sub-30_run-01_T1w	0.3954885336429859	3.316797330556483	0.536378409922022	26161.136940192748	3.58776	3.68785	3.70369	3.37174	0.21109800174007132	0.44896506692886096	0.3399369313310677	0.36765356361866	0.11912209838628757	0.0	0.001998603082631045	26.619753831862518	13.220203208456887	19.78918600798045	176	256	256	2.5872771900919176	14.65442769839711	16.08923190401308	31.02599082355021	67.21438898553625	152.72674246002288	137.67059077954295	193.07064089306974	1.0	1.0	1.0	8.36292154071987	3.3933178408405094	2.907891426387871	2.2887581028044224	2781632.0	0.0	11.09007335267961	4.063410293511973	0.46275273508156634	109.11059275502619	350.1796706802515	348.1409143283963	25434.0	100.40677762543783	575.8723455574363	134.55615485962605	0.17223530531588338	51.97945965287507	791.3688199867694	791.0572210047394	27267.0	702.1556142242625	881.4777308898045	53.97977535460732	0.42169829453354124	30.663253943595148	1000.3159447637113	1000.0208357907832	165195.0	947.6498890202492	1053.5153547208756	32.2316155730339	0.15645180028542807	0.4747705559185537	0.5068107244072726	0.9164442071542979
